id,date,titre,illustration_url,universel,region,langue,ecart_temps_max,facteur_variation,created_at,updated_at,niveau_difficulte,types_evenement,pays,epoque,mots_cles,filename,prompt_dalle,titre_anglais,keywords_anglais,date_formatee,mot_clefs_dalle
1,0481-06-28,Clovis devient roi des Francs saliens,,true,France,français,100,1.2,2024-10-16 00:00:00,2024-10-16 00:00:00,8,"[""Politique"", ""Monarchie""]","[""France""]",Moyen Âge,"[""Clovis"", ""Francs"", ""Royauté""]",0481-06-28_clovis_devient_roi_des_francs_saliens.webp,Young Clovis being crowned as King of the Salian Franks. Medieval scene with Frankish warriors and nobles gathered around. Detailed and historically accurate representation of 5th century clothing and weapons. No text in the image.,Clovis Becomes King of the Salian Franks,"[""clovis"", ""franks"", ""king"", ""coronation"", ""medieval""]",28 juin 481,"[""young_clovis"", ""crown"", ""frankish_warriors"", ""nobles"", ""5th_century"", ""medieval_clothing"", ""weapons""]"
2,0511-11-27,Mort de Clovis Ier,,true,France,français,90,1.15,2024-10-16 00:00:00,2024-10-16 00:00:00,7,"[""Politique"", ""Historique""]","[""France""]",Moyen Âge,"[""Clovis"", ""Mérovingiens"", ""Succession""]",0511-11-27_mort_de_clovis_ier.webp,Deathbed scene of Clovis I surrounded by his sons and Frankish nobles. Early medieval setting with ornate decorations. Symbolism of Christian conversion visible. No text in the image.,Death of Clovis I,"[""clovis"", ""merovingian"", ""frankish_kingdom"", ""succession"", ""christianity""]",27 novembre 511,"[""deathbed"", ""clovis"", ""frankish_nobles"", ""sons"", ""christian_symbols"", ""medieval_decorations""]"
3,0687-04-16,Bataille de Tertry,,true,France,français,80,1.18,2024-10-16 00:00:00,2024-10-16 00:00:00,9,"[""Militaire"", ""Politique""]","[""France""]",Moyen Âge,"[""Pépin de Herstal"", ""Mérovingiens"", ""Maire du palais""]",0687-04-16_bataille_de_tertry.webp,Medieval battle scene depicting the Battle of Tertry. Frankish warriors clashing with vivid details of 7th century armor and weapons. Landscape of northern France in the background. No text in the image.,Battle of Tertry,"[""tertry"", ""pepin_of_heristal"", ""merovingian"", ""frankish_civil_war""]",16 avril 687,"[""medieval_battle"", ""frankish_warriors"", ""7th_century_armor"", ""weapons"", ""northern_france_landscape""]"
4,0800-12-25,Couronnement de Charlemagne comme empereur d'Occident,,true,France,français,70,1.1,2024-10-16 00:00:00,2024-10-16 00:00:00,6,"[""Politique"", ""Religieux""]","[""France"", ""Saint-Empire romain germanique""]",Moyen Âge,"[""Charlemagne"", ""Empire carolingien"", ""Pape Léon III""]",0800-12-25_couronnement_de_charlemagne_comme_empereur_d_occident.webp,Charlemagne being crowned by Pope Leo III in St. Peter's Basilica. Detailed representation of medieval regalia and clerical vestments. Crowd of nobles and clergy watching. No text in the image.,Coronation of Charlemagne as Emperor of the West,"[""charlemagne"", ""coronation"", ""holy_roman_empire"", ""pope_leo_iii""]",25 décembre 800,"[""st_peters_basilica"", ""imperial_crown"", ""medieval_regalia"", ""clerical_vestments"", ""nobles"", ""clergy""]"
5,0841-06-25,Bataille de Fontenoy-en-Puisaye,,true,France,français,75,1.12,2024-10-16 00:00:00,2024-10-16 00:00:00,8,"[""Militaire"", ""Politique""]","[""France""]",Moyen Âge,"[""Charles le Chauve"", ""Louis le Germanique"", ""Lothaire Ier""]",0841-06-25_bataille_de_fontenoy_en_puisaye.webp,Intense medieval battle scene at Fontenoy-en-Puisaye. Carolingian armies clashing with detailed 9th century weapons and armor. Landscape of Burgundy in the background. No text in the image.,Battle of Fontenoy-en-Puisaye,"[""fontenoy"", ""charles_the_bald"", ""louis_the_german"", ""lothair_i"", ""carolingian_civil_war""]",25 juin 841,"[""medieval_battle"", ""carolingian_armies"", ""9th_century_weapons"", ""armor"", ""burgundy_landscape""]"
6,0845-03-28,Sac de Paris par les Vikings,,true,France,français,70,1.15,2024-10-16 00:00:00,2024-10-16 00:00:00,7,"[""Militaire"", ""Historique""]","[""France""]",Moyen Âge,"[""Vikings"", ""Paris"", ""Invasion""]",0845-03-28_sac_de_paris_par_les_vikings.webp,Viking longships approaching Paris on the Seine river. Norse warriors attacking the city walls. Fearful Frankish defenders and civilians. Realistic depiction of 9th century Paris architecture. No text in the image.,Sack of Paris by the Vikings,"[""vikings"", ""paris"", ""invasion"", ""norse"", ""frankish_defense""]",28 mars 845,"[""viking_longships"", ""seine_river"", ""city_walls"", ""norse_warriors"", ""frankish_defenders"", ""9th_century_paris""]"
7,0877-10-06,Mort de Charles le Chauve,,true,France,français,60,1.1,2024-10-16 00:00:00,2024-10-16 00:00:00,6,"[""Politique"", ""Historique""]","[""France"", ""Saint-Empire romain germanique""]",Moyen Âge,"[""Charles le Chauve"", ""Carolingiens"", ""Succession impériale""]",0877-10-06_mort_de_charles_le_chauve.webp,Deathbed scene of Charles the Bald in a rich medieval setting. Imperial regalia nearby. Carolingian nobles and clergy gathered around. Symbolism of the fragmentation of the Carolingian Empire visible. No text in the image.,Death of Charles the Bald,"[""charles_the_bald"", ""carolingian"", ""imperial_succession"", ""medieval_france""]",6 octobre 877,"[""deathbed"", ""imperial_regalia"", ""carolingian_nobles"", ""clergy"", ""medieval_architecture"", ""empire_fragmentation""]"
8,0912-10-10,Fondation du duché de Normandie,,true,France,français,65,1.12,2024-10-16 00:00:00,2024-10-16 00:00:00,7,"[""Politique"", ""Territorial""]","[""France""]",Moyen Âge,"[""Rollon"", ""Normandie"", ""Vikings"", ""Charles le Simple""]",0912-10-10_fondation_du_duche_de_normandie.webp,Treaty scene between Rollo and Charles the Simple. Viking and Frankish nobles present. Symbolic handover of Normandy territory. Early medieval French landscape in background. No text in the image.,Foundation of the Duchy of Normandy,"[""rollo"", ""normandy"", ""vikings"", ""charles_the_simple"", ""treaty""]",10 octobre 912,"[""treaty_signing"", ""viking_nobles"", ""frankish_nobles"", ""normandy_landscape"", ""territorial_exchange"", ""early_medieval_france""]"
9,0978-05-17,Début du règne de Lothaire,,true,France,français,55,1.08,2024-10-16 00:00:00,2024-10-16 00:00:00,6,"[""Politique"", ""Monarchie""]","[""France""]",Moyen Âge,"[""Lothaire"", ""Carolingiens"", ""Royauté française""]",0978-05-17_debut_du_regne_de_lothaire.webp,Coronation scene of King Lothaire in a grand medieval cathedral. Frankish nobles and clergy in attendance. Detailed representation of 10th century royal regalia and ecclesiastical vestments. No text in the image.,Beginning of Lothaire's Reign,"[""lothaire"", ""carolingian"", ""french_monarchy"", ""coronation""]",17 mai 978,"[""coronation_ceremony"", ""medieval_cathedral"", ""frankish_nobles"", ""clergy"", ""royal_regalia"", ""10th_century_fashion""]"
10,1066-10-14,Bataille de Hastings,,true,France,français,80,1.15,2024-10-16 00:00:00,2024-10-16 00:00:00,7,"[""Militaire"", ""Historique""]","[""France"", ""Angleterre""]",Moyen Âge,"[""Guillaume le Conquérant"", ""Harold Godwinson"", ""Conquête normande de l'Angleterre""]",1066-10-14_bataille_de_hastings.webp,Dramatic depiction of the Battle of Hastings. Norman cavalry charging against Anglo-Saxon shield wall. William the Conqueror and Harold Godwinson in the thick of battle. Accurate 11th century arms and armor. No text in the image.,Battle of Hastings,"[""william_the_conqueror"", ""harold_godwinson"", ""norman_conquest"", ""medieval_warfare""]",14 octobre 1066,"[""norman_cavalry"", ""anglo-saxon_shield_wall"", ""medieval_battle"", ""11th_century_weapons"", ""armor"", ""battlefield_landscape""]"
11,1095-11-27,Appel de Clermont par le pape Urbain II,,true,France,français,70,1.1,2024-10-16 00:00:00,2024-10-16 00:00:00,8,"[""Religieux"", ""Politique""]","[""France"", ""États pontificaux""]",Moyen Âge,"[""Première croisade"", ""Pape Urbain II"", ""Terre sainte""]",1095-11-27_appel_de_clermont_par_le_pape_urbain_ii.webp,Pope Urban II addressing a large crowd at the Council of Clermont. Clergy and nobles in attendance. Crusader symbolism visible. Detailed medieval French town setting. No text in the image.,Council of Clermont by Pope Urban II,"[""pope_urban_ii"", ""crusades"", ""council_of_clermont"", ""holy_land""]",27 novembre 1095,"[""papal_address"", ""medieval_crowd"", ""clergy"", ""nobles"", ""crusader_symbols"", ""11th_century_architecture""]"
12,1137-08-01,Mariage de Louis VII et Aliénor d'Aquitaine,,true,France,français,60,1.1,2024-10-16 00:00:00,2024-10-16 00:00:00,6,"[""Politique"", ""Monarchie""]","[""France""]",Moyen Âge,"[""Louis VII"", ""Aliénor d'Aquitaine"", ""Dynastie capétienne""]",1137-08-01_mariage_de_louis_vii_et_alienor_d_aquitaine.webp,Royal wedding ceremony of Louis VII and Eleanor of Aquitaine in a grand medieval cathedral. Nobles and clergy in attendance. Rich display of 12th century fashion and religious symbolism. No text in the image.,Marriage of Louis VII and Eleanor of Aquitaine,"[""louis_vii"", ""eleanor_of_aquitaine"", ""capetian_dynasty"", ""medieval_marriage""]",1er août 1137,"[""royal_wedding"", ""medieval_cathedral"", ""12th_century_fashion"", ""nobles"", ""clergy"", ""religious_symbolism""]"
13,1152-05-18,Annulation du mariage de Louis VII et Aliénor d'Aquitaine,,true,France,français,55,1.08,2024-10-16 00:00:00,2024-10-16 00:00:00,7,"[""Politique"", ""Religieux""]","[""France""]",Moyen Âge,"[""Louis VII"", ""Aliénor d'Aquitaine"", ""Divorce royal""]",1152-05-18_annulation_du_mariage_de_louis_vii_et_alienor_d_aquitaine.webp,Solemn scene of the annulment proceedings for Louis VII and Eleanor of Aquitaine. Ecclesiastical court with bishops and nobles present. Contrasting emotions on the faces of Louis and Eleanor. 12th century religious architecture setting. No text in the image.,Annulment of the Marriage of Louis VII and Eleanor of Aquitaine,"[""louis_vii"", ""eleanor_of_aquitaine"", ""royal_divorce"", ""medieval_church""]",18 mai 1152,"[""ecclesiastical_court"", ""bishops"", ""nobles"", ""12th_century_architecture"", ""royal_couple"", ""emotional_scene""]"
14,1180-09-19,Mort de Louis VII,,true,France,français,50,1.05,2024-10-16 00:00:00,2024-10-16 00:00:00,5,"[""Politique"", ""Historique""]","[""France""]",Moyen Âge,"[""Louis VII"", ""Capétiens"", ""Succession royale""]",1180-09-19_mort_de_louis_vii.webp,Deathbed scene of Louis VII surrounded by royal family and clergy. Medieval palace interior with religious symbols. Young Philip Augustus nearby. Somber atmosphere with 12th century details. No text in the image.,Death of Louis VII,"[""louis_vii"", ""capetian_dynasty"", ""royal_succession"", ""medieval_france""]",19 septembre 1180,"[""deathbed"", ""royal_family"", ""clergy"", ""medieval_palace"", ""religious_symbols"", ""young_philip_augustus""]"
15,1187-07-04,Bataille de Hattin,,true,France,français,75,1.15,2024-10-16 00:00:00,2024-10-16 00:00:00,8,"[""Militaire"", ""Religieux""]","[""France"", ""Royaume de Jérusalem""]",Moyen Âge,"[""Croisades"", ""Saladin"", ""Guy de Lusignan""]",1187-07-04_bataille_de_hattin.webp,Intense battle scene of Hattin. Crusader knights fighting Saracen warriors. Saladin and Guy of Lusignan visible. Arid landscape of the Holy Land. Accurate 12th century armor and weapons. No text in the image.,Battle of Hattin,"[""crusades"", ""saladin"", ""guy_of_lusignan"", ""holy_land"", ""medieval_warfare""]",4 juillet 1187,"[""crusader_knights"", ""saracen_warriors"", ""arid_landscape"", ""12th_century_armor"", ""medieval_weapons"", ""battle_formation""]"
16,1190-07-04,Départ de Philippe Auguste pour la troisième croisade,,true,France,français,70,1.12,2024-10-16 00:00:00,2024-10-16 00:00:00,7,"[""Militaire"", ""Religieux""]","[""France""]",Moyen Âge,"[""Philippe Auguste"", ""Troisième croisade"", ""Terre sainte""]",1190-07-04_depart_de_philippe_auguste_pour_la_troisieme_croisade.webp,Philip Augustus departing for the Third Crusade. Crowds cheering as the king and his knights leave. Ships ready in the harbor. Crusader banners and religious symbols prominent. 12th century French coastal town setting. No text in the image.,Departure of Philip Augustus for the Third Crusade,"[""philip_augustus"", ""third_crusade"", ""holy_land"", ""medieval_france""]",4 juillet 1190,"[""crusader_departure"", ""medieval_ships"", ""knights"", ""coastal_town"", ""religious_banners"", ""cheering_crowds""]"
17,1209-07-22,Début de la croisade des Albigeois,,true,France,français,65,1.1,2024-10-16 00:00:00,2024-10-16 00:00:00,8,"[""Religieux"", ""Militaire""]","[""France""]",Moyen Âge,"[""Cathares"", ""Innocent III"", ""Simon de Montfort""]",1209-07-22_debut_de_la_croisade_des_albigeois.webp,Crusaders marching against Cathar strongholds in southern France. Pope Innocent III blessing the army. Simon de Montfort leading troops. Medieval town of Béziers in the background. Accurate 13th century military and religious imagery. No text in the image.,Beginning of the Albigensian Crusade,"[""cathars"", ""innocent_iii"", ""simon_de_montfort"", ""medieval_crusade"", ""heresy""]",22 juillet 1209,"[""crusader_army"", ""papal_blessing"", ""cathar_stronghold"", ""medieval_town"", ""13th_century_armor"", ""religious_banners""]"
18,1223-07-14,Mort de Philippe Auguste,,true,France,français,60,1.08,2024-10-16 00:00:00,2024-10-16 00:00:00,6,"[""Politique"", ""Historique""]","[""France""]",Moyen Âge,"[""Philippe Auguste"", ""Capétiens"", ""Succession royale""]",1223-07-14_mort_de_philippe_auguste.webp,Deathbed scene of Philip Augustus in a grand medieval palace. Royal family and nobles gathered. Symbols of his reign visible (architecture, legal documents). Young Louis VIII nearby. Somber but regal atmosphere. No text in the image.,Death of Philip Augustus,"[""philip_augustus"", ""capetian_dynasty"", ""royal_succession"", ""medieval_france""]",14 juillet 1223,"[""royal_deathbed"", ""medieval_palace"", ""nobles"", ""royal_symbols"", ""young_louis_viii"", ""13th_century_fashion""]"
19,1244-03-16,Chute de Montségur,,true,France,français,70,1.12,2024-10-16 00:00:00,2024-10-16 00:00:00,7,"[""Militaire"", ""Religieux""]","[""France""]",Moyen Âge,"[""Cathares"", ""Croisade des Albigeois"", ""Forteresse de Montségur""]",1244-03-16_chute_de_montsegur.webp,Siege and fall of Montségur castle. Crusaders attacking the mountain fortress. Cathar defenders making a last stand. Pyrenees mountains in background. Accurate 13th century siege weapons and armor. No text in the image.,Fall of Montségur,"[""cathars"", ""albigensian_crusade"", ""montsegur"", ""medieval_siege""]",16 mars 1244,"[""mountain_fortress"", ""crusader_army"", ""cathar_defenders"", ""siege_weapons"", ""pyrenees_landscape"", ""13th_century_warfare""]"
20,1285-10-05,Mort de Philippe III le Hardi,,true,France,français,55,1.06,2024-10-16 00:00:00,2024-10-16 00:00:00,6,"[""Politique"", ""Historique""]","[""France""]",Moyen Âge,"[""Philippe III le Hardi"", ""Capétiens"", ""Succession royale""]",1285-10-05_mort_de_philippe_iii_le_hardi.webp,Deathbed scene of Philip III the Bold in a medieval royal chamber. Courtiers and clergy present. Young Philip IV nearby. Symbols of the Capetian dynasty visible. 13th century medical practices depicted. No text in the image.,Death of Philip III the Bold,"[""philip_iii"", ""capetian_dynasty"", ""royal_succession"", ""medieval_france""]",5 octobre 1285,"[""royal_deathbed"", ""medieval_chamber"", ""courtiers"", ""clergy"", ""young_philip_iv"", ""13th_century_medicine""]"
21,1303-11-18,Première réunion des États généraux,,true,France,français,65,1.1,2024-10-16 00:00:00,2024-10-16 00:00:00,7,"[""Politique"", ""Institutionnel""]","[""France""]",Moyen Âge,"[""Philippe IV le Bel"", ""États généraux"", ""Gouvernance médiévale""]",1303-11-18_premiere_reunion_des_etats_generaux.webp,First meeting of the Estates General in Paris. King Philip IV presiding over clergy, nobles, and commoners. Grand medieval hall setting. Representatives in distinct attire for each estate. Lively debate atmosphere. No text in the image.,First Meeting of the Estates General,"[""philip_iv"", ""estates_general"", ""medieval_governance"", ""french_politics""]",18 novembre 1303,"[""medieval_assembly"", ""three_estates"", ""royal_court"", ""14th_century_fashion"", ""political_debate"", ""grand_hall""]"
22,1328-02-01,Avènement de Philippe VI de Valois,,true,France,français,60,1.08,2024-10-16 00:00:00,2024-10-16 00:00:00,7,"[""Politique"", ""Monarchie""]","[""France""]",Moyen Âge,"[""Philippe VI"", ""Dynastie des Valois"", ""Succession royale""]",1328-02-01_avenement_de_philippe_vi_de_valois.webp,Coronation of Philip VI of Valois in Reims Cathedral. Nobles and clergy in attendance. Symbolic passing of power from Capetians to Valois. Rich 14th century royal regalia and clothing. Atmosphere of grandeur and new beginnings. No text in the image.,Accession of Philip VI of Valois,"[""philip_vi"", ""valois_dynasty"", ""royal_succession"", ""hundred_years_war""]",1er février 1328,"[""coronation_ceremony"", ""reims_cathedral"", ""medieval_nobles"", ""clergy"", ""14th_century_fashion"", ""royal_regalia""]"
23,1346-08-26,Bataille de Crécy,,true,France,français,75,1.15,2024-10-16 00:00:00,2024-10-16 00:00:00,8,"[""Militaire"", ""Historique""]","[""France"", ""Angleterre""]",Moyen Âge,"[""Guerre de Cent Ans"", ""Édouard III"", ""Philippe VI""]",1346-08-26_bataille_de_crecy.webp,Intense battle scene at Crécy. English longbowmen decimating French knights. Edward III and the Black Prince visible. Accurate depiction of 14th century warfare and heraldry. Chaotic and muddy battlefield. No text in the image.,Battle of Crécy,"[""hundred_years_war"", ""edward_iii"", ""philip_vi"", ""medieval_warfare"", ""longbow""]",26 août 1346,"[""english_longbowmen"", ""french_knights"", ""medieval_battle"", ""14th_century_armor"", ""heraldic_banners"", ""muddy_battlefield""]"
24,1347-09-19,Prise de Calais par Édouard III d'Angleterre,,true,France,français,70,1.12,2024-10-16 00:00:00,2024-10-16 00:00:00,7,"[""Militaire"", ""Politique""]","[""France"", ""Angleterre""]",Moyen Âge,"[""Guerre de Cent Ans"", ""Édouard III"", ""Siège de Calais""]",1347-09-19_prise_de_calais_par_edouard_iii_d_angleterre.webp,Surrender of Calais to Edward III. Six burghers of Calais presenting keys to Edward III. English army entering the city. Starving populace visible. Accurate 14th century city walls and military equipment. No text in the image.,Capture of Calais by Edward III of England,"[""hundred_years_war"", ""edward_iii"", ""siege_of_calais"", ""medieval_warfare""]",19 septembre 1347,"[""six_burghers"", ""city_surrender"", ""medieval_city_walls"", ""14th_century_armor"", ""starving_populace"", ""english_army""]"
25,1349-01-01,La peste noire atteint Paris,,true,France,français,80,1.2,2024-10-16 00:00:00,2024-10-16 00:00:00,8,"[""Social"", ""Médical""]","[""France""]",Moyen Âge,"[""Peste noire"", ""Pandémie"", ""Crise démographique""]",1349-01-01_la_peste_noire_atteint_paris.webp,Grim scene of the Black Death in Paris. Plague doctors in bird-like masks tending to the sick. Carts full of bodies in the streets. Panicked citizens fleeing. Accurate depiction of 14th century Parisian architecture and clothing. No text in the image.,The Black Death Reaches Paris,"[""black_death"", ""pandemic"", ""medieval_paris"", ""plague_doctors"", ""demographic_crisis""]",1er janvier 1349,"[""plague_doctors"", ""bird_masks"", ""corpse_carts"", ""medieval_streets"", ""14th_century_paris"", ""panicked_crowd""]"
26,1356-09-19,Bataille de Poitiers,,true,France,français,75,1.15,2024-10-16 00:00:00,2024-10-16 00:00:00,8,"[""Militaire"", ""Historique""]","[""France"", ""Angleterre""]",Moyen Âge,"[""Guerre de Cent Ans"", ""Jean II le Bon"", ""Prince Noir""]",1356-09-19_bataille_de_poitiers.webp,Chaotic battle scene at Poitiers. French knights dismounted and fighting English longbowmen. Capture of King John II the Good. The Black Prince leading his forces. Accurate 14th century armor and heraldry. No text in the image.,Battle of Poitiers,"[""hundred_years_war"", ""john_ii"", ""black_prince"", ""medieval_warfare"", ""french_defeat""]",19 septembre 1356,"[""dismounted_knights"", ""english_longbowmen"", ""royal_capture"", ""14th_century_armor"", ""heraldic_banners"", ""battlefield_chaos""]"
27,1360-05-08,Traité de Brétigny,,true,France,français,70,1.1,2024-10-16 00:00:00,2024-10-16 00:00:00,7,"[""Politique"", ""Diplomatique""]","[""France"", ""Angleterre""]",Moyen Âge,"[""Guerre de Cent Ans"", ""Édouard III"", ""Jean II le Bon""]",1360-05-08_traite_de_bretigny.webp,Signing ceremony of the Treaty of Brétigny. Edward III and John II present with their respective nobles. Large map of France showing territorial changes. Rich 14th century clothing and decor. Tense atmosphere. No text in the image.,Treaty of Brétigny,"[""hundred_years_war"", ""edward_iii"", ""john_ii"", ""peace_treaty"", ""territorial_changes""]",8 mai 1360,"[""treaty_signing"", ""medieval_kings"", ""nobles"", ""map_of_france"", ""14th_century_fashion"", ""diplomatic_ceremony""]"
28,1364-04-08,Couronnement de Charles V,,true,France,français,65,1.08,2024-10-16 00:00:00,2024-10-16 00:00:00,6,"[""Politique"", ""Monarchie""]","[""France""]",Moyen Âge,"[""Charles V"", ""Valois"", ""Guerre de Cent Ans""]",1364-04-08_couronnement_de_charles_v.webp,Coronation of Charles V in Reims Cathedral. Elaborate ceremony with nobles and clergy. Charles V receiving crown and scepter. Rich display of 14th century royal regalia and clerical vestments. Atmosphere of hope and renewal. No text in the image.,Coronation of Charles V,"[""charles_v"", ""valois_dynasty"", ""hundred_years_war"", ""french_monarchy""]",8 avril 1364,"[""coronation_ceremony"", ""reims_cathedral"", ""royal_regalia"", ""medieval_nobles"", ""clergy"", ""14th_century_fashion""]"
29,1380-09-16,Mort de Charles V,,true,France,français,60,1.05,2024-10-16 00:00:00,2024-10-16 00:00:00,6,"[""Politique"", ""Historique""]","[""France""]",Moyen Âge,"[""Charles V"", ""Valois"", ""Succession royale""]",1380-09-16_mort_de_charles_v.webp,Deathbed scene of Charles V in his royal chamber. Young Charles VI and royal uncles present. Symbols of wisdom and learning (books, astrolabe) surrounding the king. Somber atmosphere with 14th century detailing. No text in the image.,Death of Charles V,"[""charles_v"", ""valois_dynasty"", ""royal_succession"", ""medieval_france""]",16 septembre 1380,"[""royal_deathbed"", ""young_charles_vi"", ""royal_uncles"", ""medieval_books"", ""astrolabe"", ""14th_century_interior""]"
30,1407-11-23,Assassinat de Louis d'Orléans,,true,France,français,70,1.12,2024-10-16 00:00:00,2024-10-16 00:00:00,7,"[""Politique"", ""Criminel""]","[""France""]",Moyen Âge,"[""Louis d'Orléans"", ""Jean sans Peur"", ""Guerre civile""]",1407-11-23_assassinat_de_louis_d_orleans.webp,Night scene of the assassination of Louis of Orléans in a Paris street. Masked assassins attacking the duke. Servants fleeing in panic. Dark medieval Parisian architecture. Accurate 15th century clothing and weapons. No text in the image.,Assassination of Louis of Orléans,"[""louis_of_orleans"", ""john_the_fearless"", ""civil_war"", ""medieval_crime""]",23 novembre 1407,"[""night_assassination"", ""medieval_paris"", ""masked_assassins"", ""fleeing_servants"", ""15th_century_weapons"", ""street_scene""]"
31,1412-05-29,Naissance de Jeanne d'Arc,,true,France,français,75,1.15,2024-10-16 00:00:00,2024-10-16 00:00:00,6,"[""Historique"", ""Religieux""]","[""France""]",Moyen Âge,"[""Jeanne d'Arc"", ""Domrémy"", ""Guerre de Cent Ans""]",1412-05-29_naissance_de_jeanne_d_arc.webp,Birth scene of Joan of Arc in a humble medieval farmhouse in Domrémy. Parents and midwife present. Religious symbols visible. Rural 15th century French village life depicted. Suggestion of divine destiny. No text in the image.,Birth of Joan of Arc,"[""joan_of_arc"", ""domremy"", ""hundred_years_war"", ""medieval_france""]",29 mai 1412,"[""medieval_farmhouse"", ""newborn"", ""midwife"", ""religious_symbols"", ""15th_century_village"", ""rural_france""]"
32,1415-10-25,Bataille d'Azincourt,,true,France,français,80,1.2,2024-10-16 00:00:00,2024-10-16 00:00:00,8,"[""Militaire"", ""Historique""]","[""France"", ""Angleterre""]",Moyen Âge,"[""Guerre de Cent Ans"", ""Henry V"", ""Charles VI""]",1415-10-25_bataille_d_azincourt.webp,Intense battle scene at Agincourt. English longbowmen decimating French knights in muddy terrain. Henry V leading his troops. Masses of fallen French nobility. Accurate 15th century armor and heraldry. No text in the image.,Battle of Agincourt,"[""hundred_years_war"", ""henry_v"", ""charles_vi"", ""english_longbow"", ""french_knights""]",25 octobre 1415,"[""muddy_battlefield"", ""longbowmen"", ""charging_knights"", ""15th_century_armor"", ""heraldic_banners"", ""medieval_warfare""]"
33,1420-05-21,Traité de Troyes,,true,France,français,75,1.15,2024-10-16 00:00:00,2024-10-16 00:00:00,7,"[""Politique"", ""Diplomatique""]","[""France"", ""Angleterre""]",Moyen Âge,"[""Guerre de Cent Ans"", ""Henry V"", ""Charles VI""]",1420-05-21_traite_de_troyes.webp,Signing ceremony of the Treaty of Troyes. Henry V, Charles VI, and Philip the Good present. Catherine of Valois nearby. Large map showing unified French and English kingdoms. Rich 15th century royal attire and decorations. No text in the image.,Treaty of Troyes,"[""hundred_years_war"", ""henry_v"", ""charles_vi"", ""catherine_of_valois"", ""anglo-french_union""]",21 mai 1420,"[""treaty_signing"", ""medieval_kings"", ""royal_marriage"", ""map_of_kingdoms"", ""15th_century_fashion"", ""diplomatic_ceremony""]"
34,1422-10-21,Mort de Charles VI,,true,France,français,65,1.1,2024-10-16 00:00:00,2024-10-16 00:00:00,6,"[""Politique"", ""Historique""]","[""France""]",Moyen Âge,"[""Charles VI"", ""Folie du roi"", ""Guerre de Cent Ans""]",1422-10-21_mort_de_charles_vi.webp,Deathbed scene of Charles VI in a somber royal chamber. Courtiers and clergy present. Symbols of his troubled reign visible. Young Charles VII absent. Accurate 15th century royal chambers and clothing. No text in the image.,Death of Charles VI,"[""charles_vi"", ""mad_king"", ""hundred_years_war"", ""royal_succession""]",21 octobre 1422,"[""royal_deathbed"", ""medieval_courtiers"", ""clergy"", ""15th_century_interior"", ""symbols_of_madness"", ""royal_chambers""]"
35,1428-10-12,Début du siège d'Orléans,,true,France,français,70,1.12,2024-10-16 00:00:00,2024-10-16 00:00:00,7,"[""Militaire"", ""Historique""]","[""France"", ""Angleterre""]",Moyen Âge,"[""Guerre de Cent Ans"", ""Jeanne d'Arc"", ""Siège d'Orléans""]",1428-10-12_debut_du_siege_d_orleans.webp,English forces surrounding the city of Orléans. Construction of siege equipment and fortifications. French defenders on the city walls. Accurate depiction of 15th century siege warfare and city architecture. No text in the image.,Beginning of the Siege of Orléans,"[""hundred_years_war"", ""joan_of_arc"", ""siege_warfare"", ""orleans""]",12 octobre 1428,"[""medieval_siege"", ""city_walls"", ""siege_equipment"", ""15th_century_soldiers"", ""trebuchets"", ""fortifications""]"
36,1435-09-21,Traité d'Arras,,true,France,français,65,1.1,2024-10-16 00:00:00,2024-10-16 00:00:00,7,"[""Politique"", ""Diplomatique""]","[""France"", ""Bourgogne""]",Moyen Âge,"[""Guerre de Cent Ans"", ""Charles VII"", ""Philippe le Bon""]",1435-09-21_traite_d_arras.webp,Signing ceremony of the Treaty of Arras. Charles VII and Philip the Good reconciling. Burgundian and French nobles present. Rich tapestries and heraldic displays. 15th century diplomatic protocols depicted. No text in the image.,Treaty of Arras,"[""hundred_years_war"", ""charles_vii"", ""philip_the_good"", ""burgundy"", ""french_reconciliation""]",21 septembre 1435,"[""treaty_signing"", ""medieval_diplomacy"", ""royal_reconciliation"", ""15th_century_fashion"", ""heraldic_banners"", ""rich_tapestries""]"
37,1449-10-10,Début de la reconquête de la Normandie,,true,France,français,70,1.12,2024-10-16 00:00:00,2024-10-16 00:00:00,7,"[""Militaire"", ""Politique""]","[""France"", ""Angleterre""]",Moyen Âge,"[""Guerre de Cent Ans"", ""Charles VII"", ""Reconquête française""]",1449-10-10_debut_de_la_reconquete_de_la_normandie.webp,French army led by Charles VII marching into Normandy. Siege equipment and cannons visible. Norman castles and landscape in background. Local population welcoming French forces. Accurate 15th century military equipment and heraldry. No text in the image.,Beginning of the Reconquest of Normandy,"[""hundred_years_war"", ""charles_vii"", ""french_reconquest"", ""normandy""]",10 octobre 1449,"[""medieval_army"", ""siege_equipment"", ""cannons"", ""norman_castles"", ""15th_century_soldiers"", ""welcoming_populace""]"
38,1450-04-15,Bataille de Formigny,,true,France,français,75,1.15,2024-10-16 00:00:00,2024-10-16 00:00:00,8,"[""Militaire"", ""Historique""]","[""France"", ""Angleterre""]",Moyen Âge,"[""Guerre de Cent Ans"", ""Charles VII"", ""Artillerie française""]",1450-04-15_bataille_de_formigny.webp,Battle scene at Formigny. French artillery decimating English forces. Cavalry charge led by the Comte de Clermont. English longbowmen in disarray. Accurate 15th century weapons and armor. Norman countryside in background. No text in the image.,Battle of Formigny,"[""hundred_years_war"", ""charles_vii"", ""french_artillery"", ""english_defeat""]",15 avril 1450,"[""medieval_battle"", ""artillery_fire"", ""cavalry_charge"", ""longbowmen"", ""15th_century_warfare"", ""norman_landscape""]"
39,1453-10-19,Bataille de Castillon,,true,France,français,80,1.2,2024-10-16 00:00:00,2024-10-16 00:00:00,8,"[""Militaire"", ""Historique""]","[""France"", ""Angleterre""]",Moyen Âge,"[""Guerre de Cent Ans"", ""Charles VII"", ""John Talbot""]",1453-10-19_bataille_de_castillon.webp,Final battle of the Hundred Years' War at Castillon. French artillery devastating English forces. Death of John Talbot. French soldiers celebrating victory. Accurate 15th century military technology and heraldry. No text in the image.,Battle of Castillon,"[""hundred_years_war"", ""charles_vii"", ""john_talbot"", ""french_victory"", ""end_of_war""]",19 octobre 1453,"[""medieval_artillery"", ""cavalry_charge"", ""fallen_english_commander"", ""15th_century_armor"", ""heraldic_banners"", ""victorious_army""]"
40,1469-11-05,Mariage de Charles le Téméraire et Marguerite d'York,,true,France,français,60,1.08,2024-10-16 00:00:00,2024-10-16 00:00:00,6,"[""Politique"", ""Diplomatique""]","[""France"", ""Angleterre"", ""Bourgogne""]",Moyen Âge,"[""Charles le Téméraire"", ""Marguerite d'York"", ""Alliance anglo-bourguignonne""]",1469-11-05_mariage_de_charles_le_temeraire_et_marguerite_d_york.webp,Lavish wedding ceremony of Charles the Bold and Margaret of York. Burgundian and English nobility present. Opulent 15th century fashion and decorations. Symbolic union of Burgundy and England. Rich heraldic displays. No text in the image.,Marriage of Charles the Bold and Margaret of York,"[""charles_the_bold"", ""margaret_of_york"", ""anglo-burgundian_alliance"", ""medieval_wedding""]",5 novembre 1469,"[""royal_wedding"", ""15th_century_fashion"", ""burgundian_court"", ""english_nobility"", ""heraldic_banners"", ""medieval_ceremony""]"
41,1483-08-30,Mort de Louis XI,,true,France,français,65,1.1,2024-10-16 00:00:00,2024-10-16 00:00:00,7,"[""Politique"", ""Historique""]","[""France""]",Moyen Âge,"[""Louis XI"", ""Fin du Moyen Âge"", ""Succession royale""]",1483-08-30_mort_de_louis_xi.webp,Deathbed scene of Louis XI in Plessis-lès-Tours castle. Young Charles VIII and Anne de Beaujeu present. Symbols of Louis XI's reign (spider web, low-born advisors) visible. Somber atmosphere with late 15th century details. No text in the image.,Death of Louis XI,"[""louis_xi"", ""end_of_middle_ages"", ""royal_succession"", ""french_monarchy""]",30 août 1483,"[""royal_deathbed"", ""plessis-les-tours_castle"", ""young_charles_viii"", ""anne_de_beaujeu"", ""spider_web_symbolism"", ""15th_century_interior""]"
42,1491-12-06,Mariage de Charles VIII et Anne de Bretagne,,true,France,français,70,1.12,2024-10-16 00:00:00,2024-10-16 00:00:00,7,"[""Politique"", ""Diplomatique""]","[""France"", ""Bretagne""]",Renaissance,"[""Charles VIII"", ""Anne de Bretagne"", ""Unification de la France""]",1491-12-06_mariage_de_charles_viii_et_anne_de_bretagne.webp,Royal wedding of Charles VIII and Anne of Brittany in Langeais Castle. French and Breton nobility present. Rich display of late 15th century fashion. Symbolic union of France and Brittany. Heraldic banners of both houses. No text in the image.,Marriage of Charles VIII and Anne of Brittany,"[""charles_viii"", ""anne_of_brittany"", ""french_unification"", ""royal_wedding""]",6 décembre 1491,"[""langeais_castle"", ""15th_century_fashion"", ""french_nobility"", ""breton_nobility"", ""heraldic_banners"", ""symbolic_union""]"
43,1494-09-02,Début de la première guerre d'Italie,,true,France,français,75,1.15,2024-10-16 00:00:00,2024-10-16 00:00:00,8,"[""Militaire"", ""Politique""]","[""France"", ""Italie""]",Renaissance,"[""Charles VIII"", ""Guerres d'Italie"", ""Royaume de Naples""]",1494-09-02_debut_de_la_premiere_guerre_d_italie.webp,Charles VIII and his army crossing the Alps into Italy. Advanced artillery and cavalry visible. Italian landscape and cities in the background. Contrast between French and Italian military equipment. Rich Renaissance imagery. No text in the image.,Beginning of the First Italian War,"[""charles_viii"", ""italian_wars"", ""kingdom_of_naples"", ""french_invasion""]",2 septembre 1494,"[""alps_crossing"", ""french_army"", ""renaissance_artillery"", ""italian_landscape"", ""15th_century_armor"", ""military_campaign""]"
44,1498-04-07,Mort de Charles VIII,,true,France,français,60,1.08,2024-10-16 00:00:00,2024-10-16 00:00:00,6,"[""Politique"", ""Historique""]","[""France""]",Renaissance,"[""Charles VIII"", ""Accident royal"", ""Succession des Valois""]",1498-04-07_mort_de_charles_viii.webp,Scene of Charles VIII's fatal accident at the Château d'Amboise. The king lying unconscious after hitting his head on a door lintel. Courtiers in panic. Late 15th century castle architecture. Rich Renaissance clothing. No text in the image.,Death of Charles VIII,"[""charles_viii"", ""royal_accident"", ""valois_succession"", ""chateau_d_amboise""]",7 avril 1498,"[""royal_accident"", ""chateau_d_amboise"", ""unconscious_king"", ""panicked_courtiers"", ""15th_century_architecture"", ""renaissance_fashion""]"
45,1499-01-08,Mariage de Louis XII et Anne de Bretagne,,true,France,français,65,1.1,2024-10-16 00:00:00,2024-10-16 00:00:00,7,"[""Politique"", ""Diplomatique""]","[""France"", ""Bretagne""]",Renaissance,"[""Louis XII"", ""Anne de Bretagne"", ""Union de la Bretagne à la France""]",1499-01-08_mariage_de_louis_xii_et_anne_de_bretagne.webp,Wedding ceremony of Louis XII and Anne of Brittany in the Château de Nantes. French and Breton nobles in attendance. Lavish early Renaissance fashion and decor. Symbolic gestures of unity between France and Brittany. No text in the image.,Marriage of Louis XII and Anne of Brittany,"[""louis_xii"", ""anne_of_brittany"", ""french_unification"", ""royal_wedding""]",8 janvier 1499,"[""chateau_de_nantes"", ""renaissance_wedding"", ""french_nobility"", ""breton_nobility"", ""symbolic_unity"", ""16th_century_fashion""]"
46,1508-12-10,Ligue de Cambrai,,true,France,français,70,1.12,2024-10-16 00:00:00,2024-10-16 00:00:00,8,"[""Politique"", ""Diplomatique""]","[""France"", ""Saint-Empire"", ""Espagne"", ""États pontificaux""]",Renaissance,"[""Louis XII"", ""Guerres d'Italie"", ""Maximilien Ier"", ""Ferdinand II d'Aragon""]",1508-12-10_ligue_de_cambrai.webp,Signing ceremony of the League of Cambrai. Representatives of France, Holy Roman Empire, Spain, and the Papacy present. Rich early 16th century diplomatic setting. Maps of Italy and Venice visible. Tense atmosphere of secret alliance. No text in the image.,League of Cambrai,"[""louis_xii"", ""italian_wars"", ""maximilian_i"", ""ferdinand_ii"", ""anti-venetian_alliance""]",10 décembre 1508,"[""diplomatic_signing"", ""renaissance_diplomats"", ""maps_of_italy"", ""16th_century_fashion"", ""secret_alliance"", ""european_powers""]"
47,1513-08-16,Bataille de Guinegatte (Journée des Éperons),,true,France,français,75,1.15,2024-10-16 00:00:00,2024-10-16 00:00:00,7,"[""Militaire"", ""Historique""]","[""France"", ""Angleterre""]",Renaissance,"[""Louis XII"", ""Henry VIII"", ""Guerres d'Italie""]",1513-08-16_bataille_de_guinegatte_journee_des_eperons.webp,Battle scene of Guinegatte. French cavalry fleeing from English and Imperial forces. Henry VIII leading his troops. Abandoned French artillery. Accurate early 16th century military equipment and heraldry. No text in the image.,Battle of the Spurs (Guinegatte),"[""louis_xii"", ""henry_viii"", ""italian_wars"", ""french_defeat""]",16 août 1513,"[""fleeing_cavalry"", ""english_victory"", ""abandoned_artillery"", ""16th_century_warfare"", ""heraldic_banners"", ""renaissance_armor""]"
48,1515-01-01,Avènement de François Ier,,true,France,français,60,1.08,2024-10-16 00:00:00,2024-10-16 00:00:00,6,"[""Politique"", ""Monarchie""]","[""France""]",Renaissance,"[""François Ier"", ""Dynastie des Valois-Angoulême"", ""Renaissance française""]",1515-01-01_avenement_de_francois_ier.webp,Coronation of Francis I at Reims Cathedral. Lavish Renaissance ceremony. French nobility and clergy present. Rich display of royal regalia and Renaissance fashion. Atmosphere of new beginnings and cultural change. No text in the image.,Accession of Francis I,"[""francis_i"", ""valois-angouleme_dynasty"", ""french_renaissance"", ""coronation""]",1er janvier 1515,"[""reims_cathedral"", ""coronation_ceremony"", ""renaissance_fashion"", ""french_nobility"", ""royal_regalia"", ""16th_century_culture""]"
49,1519-06-28,Charles Quint élu empereur du Saint-Empire,,true,Europe,français,80,1.2,2024-10-16 00:00:00,2024-10-16 00:00:00,8,"[""Politique"", ""Européen""]","[""Saint-Empire"", ""Espagne"", ""France""]",Renaissance,"[""Charles Quint"", ""François Ier"", ""Rivalité franco-habsbourgeoise""]",1519-06-28_charles_quint_elu_empereur_du_saint-empire.webp,Election scene of Charles V as Holy Roman Emperor. German prince-electors casting votes. Rival candidates (including Francis I) in the background. Rich display of imperial regalia and Renaissance court fashion. No text in the image.,Election of Charles V as Holy Roman Emperor,"[""charles_v"", ""holy_roman_empire"", ""francis_i"", ""habsburg-valois_rivalry""]",28 juin 1519,"[""imperial_election"", ""prince-electors"", ""renaissance_court"", ""imperial_regalia"", ""16th_century_fashion"", ""european_politics""]"
50,1525-02-24,Bataille de Pavie,,true,France,français,85,1.25,2024-10-16 00:00:00,2024-10-16 00:00:00,9,"[""Militaire"", ""Historique""]","[""France"", ""Saint-Empire""]",Renaissance,"[""François Ier"", ""Charles Quint"", ""Guerres d'Italie""]",1525-02-24_bataille_de_pavie.webp,Intense battle scene at Pavia. Francis I unhorsed and surrounded by Imperial troops. Spanish arquebusiers devastating French knights. Capture of the French king. Accurate 16th century weapons and armor. No text in the image.,Battle of Pavia,"[""francis_i"", ""charles_v"", ""italian_wars"", ""french_defeat"", ""royal_capture""]",24 février 1525,"[""renaissance_battlefield"", ""arquebusiers"", ""french_knights"", ""royal_capture"", ""16th_century_warfare"", ""military_technology""]"
51,1530-08-15,Naissance du futur Charles IX,,true,France,français,50,1.05,2024-10-16 00:00:00,2024-10-16 00:00:00,5,"[""Politique"", ""Monarchie""]","[""France""]",Renaissance,"[""Charles IX"", ""Catherine de Médicis"", ""Dynastie des Valois""]",1530-08-15_naissance_du_futur_charles_ix.webp,Birth scene of the future Charles IX in the royal chambers. Catherine de' Medici and Henry II present. Court physicians and midwives attending. Lavish Renaissance decor and clothing. Astrological charts visible. No text in the image.,Birth of the Future Charles IX,"[""charles_ix"", ""catherine_de_medici"", ""valois_dynasty"", ""royal_birth""]",15 août 1530,"[""royal_birth"", ""renaissance_palace"", ""court_physicians"", ""16th_century_fashion"", ""astrological_charts"", ""royal_family""]"
52,1536-01-01,Début de la sixième guerre d'Italie,,true,France,français,75,1.15,2024-10-16 00:00:00,2024-10-16 00:00:00,8,"[""Militaire"", ""Politique""]","[""France"", ""Saint-Empire"", ""Italie""]",Renaissance,"[""François Ier"", ""Charles Quint"", ""Guerres d'Italie""]",1536-01-01_debut_de_la_sixieme_guerre_d_italie.webp,French army led by Francis I crossing the Alps into Italy. Advanced Renaissance military technology visible. Colorful banners and heraldry. Italian landscape in the background. Clash of French and Imperial forces. No text in the image.,Beginning of the Sixth Italian War,"[""francis_i"", ""charles_v"", ""italian_wars"", ""renaissance_warfare""]",1er janvier 1536,"[""alps_crossing"", ""renaissance_army"", ""military_technology"", ""heraldic_banners"", ""16th_century_weapons"", ""italian_landscape""]"
53,1543-07-12,Mariage d'Henri VIII et Catherine Parr,,true,Angleterre,français,40,1.03,2024-10-16 00:00:00,2024-10-16 00:00:00,5,"[""Politique"", ""Monarchie""]","[""Angleterre""]",Renaissance,"[""Henri VIII"", ""Catherine Parr"", ""Réforme anglaise""]",1543-07-12_mariage_d_henri_viii_et_catherine_parr.webp,Wedding ceremony of Henry VIII and Catherine Parr in Hampton Court Palace. Tudor court in attendance. Rich Renaissance English fashion. Symbols of the Anglican Church visible. Atmosphere of the aging king's last marriage. No text in the image.,Marriage of Henry VIII and Catherine Parr,"[""henry_viii"", ""catherine_parr"", ""tudor_dynasty"", ""english_reformation""]",12 juillet 1543,"[""hampton_court_palace"", ""tudor_court"", ""renaissance_fashion"", ""anglican_symbols"", ""royal_wedding"", ""16th_century_england""]"
54,1547-03-31,Mort de François Ier,,true,France,français,65,1.1,2024-10-16 00:00:00,2024-10-16 00:00:00,7,"[""Politique"", ""Historique""]","[""France""]",Renaissance,"[""François Ier"", ""Fin de la Renaissance française"", ""Succession royale""]",1547-03-31_mort_de_francois_ier.webp,Deathbed scene of Francis I at the Château de Rambouillet. Henry II and court gathered around. Symbols of French Renaissance (books, art) visible. Somber atmosphere with rich 16th century details. No text in the image.,Death of Francis I,"[""francis_i"", ""french_renaissance"", ""royal_succession"", ""valois_dynasty""]",31 mars 1547,"[""royal_deathbed"", ""chateau_de_rambouillet"", ""renaissance_symbols"", ""16th_century_court"", ""henry_ii"", ""french_nobility""]"
55,1550-11-13,Naissance de Catherine de Bourbon,,true,France,français,45,1.04,2024-10-16 00:00:00,2024-10-16 00:00:00,5,"[""Politique"", ""Monarchie""]","[""France"", ""Navarre""]",Renaissance,"[""Catherine de Bourbon"", ""Antoine de Bourbon"", ""Jeanne d'Albret""]",1550-11-13_naissance_de_catherine_de_bourbon.webp,Birth scene of Catherine de Bourbon in the Château de Pau. Jeanne d'Albret and Antoine de Bourbon present. Court of Navarre in attendance. Rich Renaissance decor with both French and Navarrese influences. No text in the image.,Birth of Catherine de Bourbon,"[""catherine_de_bourbon"", ""antoine_de_bourbon"", ""jeanne_d_albret"", ""navarre_royalty""]",13 novembre 1550,"[""chateau_de_pau"", ""royal_birth"", ""16th_century_fashion"", ""court_of_navarre"", ""renaissance_decor"", ""french_navarrese_symbols""]"
56,1552-04-15,Prise de Metz par Henri II,,true,France,français,70,1.12,2024-10-16 00:00:00,2024-10-16 00:00:00,7,"[""Militaire"", ""Politique""]","[""France"", ""Saint-Empire""]",Renaissance,"[""Henri II"", ""Charles Quint"", ""Expansion française""]",1552-04-15_prise_de_metz_par_henri_ii.webp,Henry II's army entering Metz. French troops with advanced artillery. City walls and gates of Metz visible. Local population's mixed reactions. Accurate 16th century military equipment and urban architecture. No text in the image.,Capture of Metz by Henry II,"[""henry_ii"", ""charles_v"", ""french_expansion"", ""metz""]",15 avril 1552,"[""city_conquest"", ""16th_century_artillery"", ""renaissance_army"", ""city_walls"", ""urban_architecture"", ""military_parade""]"
57,1556-10-25,Abdication de Charles Quint,,true,Europe,français,80,1.2,2024-10-16 00:00:00,2024-10-16 00:00:00,8,"[""Politique"", ""Européen""]","[""Saint-Empire"", ""Espagne"", ""Pays-Bas""]",Renaissance,"[""Charles Quint"", ""Philippe II"", ""Ferdinand Ier""]",1556-10-25_abdication_de_charles_quint.webp,Abdication ceremony of Charles V in Brussels. Charles V handing over power to Philip II and Ferdinand I. Habsburg court in attendance. Rich Renaissance clothing and imperial regalia. Symbolic representation of the division of the Habsburg Empire. No text in the image.,Abdication of Charles V,"[""charles_v"", ""philip_ii"", ""ferdinand_i"", ""habsburg_empire"", ""imperial_abdication""]",25 octobre 1556,"[""brussels_palace"", ""habsburg_court"", ""imperial_regalia"", ""16th_century_fashion"", ""power_transition"", ""european_royalty""]"
58,1559-04-03,Traité de Cateau-Cambrésis,,true,France,français,75,1.15,2024-10-16 00:00:00,2024-10-16 00:00:00,8,"[""Politique"", ""Diplomatique""]","[""France"", ""Espagne"", ""Angleterre""]",Renaissance,"[""Henri II"", ""Philippe II"", ""Fin des guerres d'Italie""]",1559-04-03_traite_de_cateau-cambresis.webp,Signing ceremony of the Treaty of Cateau-Cambrésis. Representatives of France, Spain, and England present. Large map showing territorial changes. Rich Renaissance diplomatic setting. Atmosphere of end of an era. No text in the image.,Treaty of Cateau-Cambrésis,"[""henry_ii"", ""philip_ii"", ""italian_wars"", ""peace_treaty""]",3 avril 1559,"[""treaty_signing"", ""renaissance_diplomacy"", ""territorial_map"", ""16th_century_fashion"", ""european_powers"", ""diplomatic_ceremony""]"
59,1560-12-05,Mort de François II,,true,France,français,60,1.08,2024-10-16 00:00:00,2024-10-16 00:00:00,6,"[""Politique"", ""Historique""]","[""France""]",Renaissance,"[""François II"", ""Marie Stuart"", ""Guerres de Religion""]",1560-12-05_mort_de_francois_ii.webp,Deathbed scene of Francis II in Orléans. Young Mary Stuart and the Guise family present. Catherine de' Medici taking charge. Tension between Catholic and Protestant factions visible. Rich 16th century royal chambers. No text in the image.,Death of Francis II,"[""francis_ii"", ""mary_stuart"", ""catherine_de_medici"", ""french_wars_of_religion""]",5 décembre 1560,"[""royal_deathbed"", ""orleans_palace"", ""16th_century_court"", ""religious_tension"", ""guise_family"", ""young_widowed_queen""]"
60,1561-09-09,Début du Colloque de Poissy,,true,France,français,70,1.1,2024-10-16 00:00:00,2024-10-16 00:00:00,7,"[""Religieux"", ""Politique""]","[""France""]",Renaissance,"[""Catherine de Médicis"", ""Théodore de Bèze"", ""Cardinal de Lorraine""]",1561-09-09_debut_du_colloque_de_poissy.webp,Opening session of the Colloquy of Poissy. Catholic and Protestant theologians debating. Catherine de' Medici presiding. Young Charles IX present. Rich Renaissance assembly hall. Tense atmosphere of religious divide. No text in the image.,Beginning of the Colloquy of Poissy,"[""catherine_de_medici"", ""theodore_beza"", ""cardinal_of_lorraine"", ""religious_debate""]",9 septembre 1561,"[""religious_assembly"", ""16th_century_theologians"", ""renaissance_hall"", ""young_king"", ""catholic_protestant_divide"", ""royal_mediation""]"
61,1562-03-01,Massacre de Wassy,,true,France,français,75,1.15,2024-10-16 00:00:00,2024-10-16 00:00:00,8,"[""Religieux"", ""Violent""]","[""France""]",Renaissance,"[""Guerres de Religion"", ""François de Guise"", ""Huguenots""]",1562-03-01_massacre_de_wassy.webp,Violent scene of the Massacre of Wassy. François de Guise's men attacking Huguenot worshippers. Burning barn and fleeing civilians. Contrast between armed soldiers and unarmed protestants. 16th century weapons and clothing. No text in the image.,Massacre of Wassy,"[""french_wars_of_religion"", ""francois_de_guise"", ""huguenots"", ""religious_violence""]",1er mars 1562,"[""religious_massacre"", ""16th_century_warfare"", ""burning_barn"", ""fleeing_civilians"", ""armed_soldiers"", ""protestant_worshippers""]"
62,1563-02-18,Édit d'Amboise,,true,France,français,65,1.1,2024-10-16 00:00:00,2024-10-16 00:00:00,7,"[""Politique"", ""Religieux""]","[""France""]",Renaissance,"[""Catherine de Médicis"", ""Charles IX"", ""Paix d'Amboise""]",1563-02-18_edit_d_amboise.webp,Signing ceremony of the Edict of Amboise. Catherine de' Medici and young Charles IX present. Catholic and Protestant leaders in attendance. Document of religious tolerance visible. Rich Renaissance palace interior. No text in the image.,Edict of Amboise,"[""catherine_de_medici"", ""charles_ix"", ""religious_tolerance"", ""french_wars_of_religion""]",18 février 1563,"[""peace_treaty"", ""16th_century_court"", ""catholic_protestant_leaders"", ""royal_decree"", ""renaissance_palace"", ""political_compromise""]"
63,1566-06-30,Naissance du futur Henri IV,,true,France,français,60,1.08,2024-10-16 00:00:00,2024-10-16 00:00:00,6,"[""Politique"", ""Monarchie""]","[""France"", ""Navarre""]",Renaissance,"[""Henri IV"", ""Jeanne d'Albret"", ""Antoine de Bourbon""]",1566-06-30_naissance_du_futur_henri_iv.webp,Birth scene of the future Henry IV in Pau Castle. Jeanne d'Albret and Antoine de Bourbon present. Court of Navarre celebrating. Mixture of French and Navarrese symbols. Rich Renaissance birthing chamber. No text in the image.,Birth of the Future Henry IV,"[""henry_iv"", ""jeanne_d_albret"", ""antoine_de_bourbon"", ""navarre_royalty""]",30 juin 1566,"[""royal_birth"", ""pau_castle"", ""16th_century_court"", ""renaissance_decor"", ""french_navarrese_symbols"", ""royal_celebrations""]"
64,1567-09-28,Surprise de Meaux,,true,France,français,70,1.12,2024-10-16 00:00:00,2024-10-16 00:00:00,7,"[""Militaire"", ""Politique""]","[""France""]",Renaissance,"[""Guerres de Religion"", ""Louis de Condé"", ""Charles IX""]",1567-09-28_surprise_de_meaux.webp,Attempted kidnapping of Charles IX at Meaux. Huguenot forces led by Condé attacking. Royal entourage fleeing to Paris. Swiss Guards protecting the king. Chaotic scene with 16th century military details. No text in the image.,Surprise of Meaux,"[""french_wars_of_religion"", ""louis_de_conde"", ""charles_ix"", ""huguenot_uprising""]",28 septembre 1567,"[""royal_kidnapping_attempt"", ""16th_century_warfare"", ""fleeing_entourage"", ""swiss_guards"", ""huguenot_forces"", ""chaotic_escape""]"
65,1570-08-08,Paix de Saint-Germain-en-Laye,,true,France,français,65,1.1,2024-10-16 00:00:00,2024-10-16 00:00:00,7,"[""Politique"", ""Religieux""]","[""France""]",Renaissance,"[""Charles IX"", ""Catherine de Médicis"", ""Huguenots""]",1570-08-08_paix_de_saint-germain-en-laye.webp,Signing ceremony of the Peace of Saint-Germain-en-Laye. Charles IX and Catherine de' Medici present. Huguenot leaders in attendance. Document granting rights to Protestants visible. Rich Renaissance palace setting. No text in the image.,Peace of Saint-Germain-en-Laye,"[""charles_ix"", ""catherine_de_medici"", ""huguenots"", ""religious_peace""]",8 août 1570,"[""peace_treaty"", ""16th_century_diplomacy"", ""royal_court"", ""protestant_rights"", ""renaissance_palace"", ""political_reconciliation""]"
66,1573-05-26,Élection d'Henri de Valois comme roi de Pologne,,true,France,français,75,1.15,2024-10-16 00:00:00,2024-10-16 00:00:00,8,"[""Politique"", ""Européen""]","[""France"", ""Pologne""]",Renaissance,"[""Henri III"", ""République des Deux Nations"", ""Diplomatie française""]",1573-05-26_election_d_henri_de_valois_comme_roi_de_pologne.webp,Election ceremony of Henry of Valois as King of Poland in Krakow. Polish nobility voting. French diplomats present. Mixture of French and Polish royal symbols. Rich Renaissance attire and architecture. No text in the image.,Election of Henry of Valois as King of Poland,"[""henry_iii"", ""polish_lithuanian_commonwealth"", ""french_diplomacy"", ""royal_election""]",26 mai 1573,"[""polish_election"", ""16th_century_nobility"", ""french_polish_symbols"", ""renaissance_fashion"", ""krakow_castle"", ""diplomatic_triumph""]"
68,1574-05-30,Mort de Charles IX,,true,France,français,60,1.08,2024-10-16 00:00:00,2024-10-16 00:00:00,6,"[""Politique"", ""Historique""]","[""France""]",Renaissance,"[""Charles IX"", ""Guerres de Religion"", ""Succession des Valois""]",1574-05-30_mort_de_charles_ix.webp,Deathbed scene of Charles IX at Vincennes Castle. Catherine de' Medici and courtiers present. Atmosphere of uncertainty and religious tension. Rich Renaissance royal chambers. Symbols of the troubled reign visible. No text in the image.,Death of Charles IX,"[""charles_ix"", ""catherine_de_medici"", ""valois_succession"", ""french_wars_of_religion""]",30 mai 1574,"[""royal_deathbed"", ""vincennes_castle"", ""16th_century_court"", ""religious_tension"", ""renaissance_chambers"", ""succession_crisis""]"
69,1576-05-06,Édit de Beaulieu,,true,France,français,65,1.1,2024-10-16 00:00:00,2024-10-16 00:00:00,7,"[""Politique"", ""Religieux""]","[""France""]",Renaissance,"[""Henri III"", ""Guerres de Religion"", ""Paix de Monsieur""]",1576-05-06_edit_de_beaulieu.webp,Signing ceremony of the Edict of Beaulieu. Henri III reluctantly granting rights to Huguenots. Catholic and Protestant leaders present. Document of religious concessions visible. Rich Renaissance palace interior. Tense atmosphere. No text in the image.,Edict of Beaulieu,"[""henry_iii"", ""french_wars_of_religion"", ""huguenot_rights"", ""peace_of_monsieur""]",6 mai 1576,"[""peace_treaty"", ""16th_century_politics"", ""religious_concessions"", ""renaissance_palace"", ""catholic_protestant_leaders"", ""royal_edict""]"
70,1577-09-17,Paix de Bergerac,,true,France,français,65,1.1,2024-10-16 00:00:00,2024-10-16 00:00:00,7,"[""Politique"", ""Religieux""]","[""France""]",Renaissance,"[""Henri III"", ""Guerres de Religion"", ""Édit de Poitiers""]",1577-09-17_paix_de_bergerac.webp,Signing of the Peace of Bergerac. Henri III mediating between Catholic and Protestant factions. Treaty document visible. Renaissance diplomatic setting. Atmosphere of temporary reconciliation. No text in the image.,Peace of Bergerac,"[""henry_iii"", ""french_wars_of_religion"", ""edict_of_poitiers"", ""religious_compromise""]",17 septembre 1577,"[""peace_treaty"", ""16th_century_diplomacy"", ""catholic_protestant_factions"", ""royal_mediation"", ""renaissance_setting"", ""political_compromise""]"
71,1579-01-31,Union d'Utrecht,,true,Pays-Bas,français,70,1.12,2024-10-16 00:00:00,2024-10-16 00:00:00,8,"[""Politique"", ""Européen""]","[""Pays-Bas"", ""Espagne""]",Renaissance,"[""Révolte des Pays-Bas"", ""Guillaume d'Orange"", ""Philippe II d'Espagne""]",1579-01-31_union_d_utrecht.webp,Signing ceremony of the Union of Utrecht. Dutch provinces uniting against Spanish rule. William of Orange present. Rich Renaissance Dutch architecture. Symbols of Dutch independence visible. No text in the image.,Union of Utrecht,"[""dutch_revolt"", ""william_of_orange"", ""philip_ii_of_spain"", ""dutch_independence""]",31 janvier 1579,"[""dutch_provinces"", ""16th_century_politics"", ""independence_movement"", ""renaissance_architecture"", ""treaty_signing"", ""anti-spanish_alliance""]"
72,1580-06-26,Traité de Fleix,,true,France,français,65,1.1,2024-10-16 00:00:00,2024-10-16 00:00:00,7,"[""Politique"", ""Religieux""]","[""France""]",Renaissance,"[""Henri III"", ""Henri de Navarre"", ""Guerres de Religion""]",1580-06-26_traite_de_fleix.webp,Signing of the Treaty of Fleix. Henri III and Henri of Navarre present. Catholic and Protestant nobles in attendance. Document reaffirming previous peace edicts visible. Renaissance château setting. No text in the image.,Treaty of Fleix,"[""henry_iii"", ""henry_of_navarre"", ""french_wars_of_religion"", ""peace_treaty""]",26 juin 1580,"[""treaty_signing"", ""16th_century_diplomacy"", ""catholic_protestant_nobles"", ""renaissance_chateau"", ""peace_edicts"", ""royal_negotiation""]"
73,1584-06-10,Mort du duc d'Alençon,,true,France,français,60,1.08,2024-10-16 00:00:00,2024-10-16 00:00:00,6,"[""Politique"", ""Historique""]","[""France""]",Renaissance,"[""François d'Alençon"", ""Succession des Valois"", ""Guerre de Succession de Portugal""]",1584-06-10_mort_du_duc_d_alencon.webp,Deathbed scene of Francis, Duke of Alençon. Courtiers and physicians present. Atmosphere of dynastic crisis. Rich Renaissance chamber. Symbols of failed ambitions (maps of Netherlands and Portugal) visible. No text in the image.,Death of the Duke of Alençon,"[""francis_of_alencon"", ""valois_succession"", ""portuguese_succession"", ""dynastic_crisis""]",10 juin 1584,"[""royal_deathbed"", ""16th_century_court"", ""renaissance_chamber"", ""failed_ambitions"", ""succession_crisis"", ""last_valois""]"
74,1585-07-18,Traité de Nemours,,true,France,français,70,1.12,2024-10-16 00:00:00,2024-10-16 00:00:00,7,"[""Politique"", ""Religieux""]","[""France""]",Renaissance,"[""Henri III"", ""Ligue catholique"", ""Révocation des édits de tolérance""]",1585-07-18_traite_de_nemours.webp,Signing of the Treaty of Nemours. Henri III capitulating to Catholic League demands. Duke of Guise triumphant. Huguenot rights being revoked. Rich Renaissance palace setting. Atmosphere of religious intolerance. No text in the image.,Treaty of Nemours,"[""henry_iii"", ""catholic_league"", ""revocation_of_tolerance"", ""huguenot_persecution""]",18 juillet 1585,"[""treaty_signing"", ""16th_century_politics"", ""catholic_triumph"", ""religious_intolerance"", ""renaissance_palace"", ""royal_capitulation""]"
75,1587-10-20,Bataille de Coutras,,true,France,français,75,1.15,2024-10-16 00:00:00,2024-10-16 00:00:00,8,"[""Militaire"", ""Religieux""]","[""France""]",Renaissance,"[""Henri de Navarre"", ""Duc de Joyeuse"", ""Guerres de Religion""]",1587-10-20_bataille_de_coutras.webp,Battle scene of Coutras. Henri of Navarre leading Huguenot forces to victory. Duc de Joyeuse's Catholic army in disarray. 16th century cavalry and infantry engaged in combat. Accurate Renaissance military equipment. No text in the image.,Battle of Coutras,"[""henry_of_navarre"", ""duke_of_joyeuse"", ""french_wars_of_religion"", ""huguenot_victory""]",20 octobre 1587,"[""renaissance_battlefield"", ""16th_century_warfare"", ""cavalry_charge"", ""infantry_combat"", ""military_leadership"", ""religious_conflict""]"
76,1588-05-12,Journée des Barricades à Paris,,true,France,français,70,1.12,2024-10-16 00:00:00,2024-10-16 00:00:00,7,"[""Politique"", ""Social""]","[""France""]",Renaissance,"[""Henri III"", ""Duc de Guise"", ""Ligue catholique""]",1588-05-12_journee_des_barricades_a_paris.webp,Parisian streets during the Day of the Barricades. Citizens erecting barricades against royal troops. Duke of Guise rallying supporters. Henri III fleeing the city. 16th century urban warfare scene. No text in the image.,Day of the Barricades in Paris,"[""henry_iii"", ""duke_of_guise"", ""catholic_league"", ""parisian_revolt""]",12 mai 1588,"[""urban_uprising"", ""16th_century_paris"", ""street_barricades"", ""royal_flight"", ""catholic_militants"", ""popular_rebellion""]"
77,1589-08-01,Assassinat d'Henri III,,true,France,français,75,1.15,2024-10-16 00:00:00,2024-10-16 00:00:00,8,"[""Politique"", ""Violent""]","[""France""]",Renaissance,"[""Henri III"", ""Jacques Clément"", ""Fin des Valois""]",1589-08-01_assassinat_d_henri_iii.webp,Assassination scene of Henry III by Jacques Clément. The monk stabbing the king in his private chambers. Royal guards rushing in. Renaissance palace interior. Chaos and shock among courtiers. No text in the image.,Assassination of Henry III,"[""henry_iii"", ""jacques_clement"", ""end_of_valois"", ""royal_assassination""]",1er août 1589,"[""royal_murder"", ""16th_century_violence"", ""monk_assassin"", ""renaissance_palace"", ""dying_king"", ""political_turmoil""]"
78,1590-03-14,Bataille d'Ivry,,true,France,français,75,1.15,2024-10-16 00:00:00,2024-10-16 00:00:00,8,"[""Militaire"", ""Politique""]","[""France""]",Renaissance,"[""Henri IV"", ""Duc de Mayenne"", ""Guerres de Religion""]",1590-03-14_bataille_d_ivry.webp,Battle scene of Ivry. Henri IV leading his troops to victory. Catholic League forces in retreat. White plume of Henri IV visible. 16th century cavalry charge and infantry combat. Accurate Renaissance military equipment. No text in the image.,Battle of Ivry,"[""henry_iv"", ""duke_of_mayenne"", ""french_wars_of_religion"", ""bourbon_victory""]",14 mars 1590,"[""renaissance_battlefield"", ""16th_century_warfare"", ""cavalry_charge"", ""white_plume"", ""military_leadership"", ""religious_conflict""]"
79,1591-11-03,Début du siège de Rouen,,true,France,français,70,1.12,2024-10-16 00:00:00,2024-10-16 00:00:00,7,"[""Militaire"", ""Politique""]","[""France""]",Renaissance,"[""Henri IV"", ""Siège de Rouen"", ""Guerres de Religion""]",1591-11-03_debut_du_siege_de_rouen.webp,Siege of Rouen beginning. Henri IV's forces surrounding the city. Catholic League defenders on the walls. 16th century siege equipment and cannons. Renaissance city architecture. Winter setting. No text in the image.,Beginning of the Siege of Rouen,"[""henry_iv"", ""siege_of_rouen"", ""french_wars_of_religion"", ""military_campaign""]",3 novembre 1591,"[""renaissance_siege"", ""16th_century_warfare"", ""city_walls"", ""siege_equipment"", ""winter_campaign"", ""religious_conflict""]"
80,1592-12-13,Attentat de Jean Chastel contre Henri IV,,true,France,français,65,1.1,2024-10-16 00:00:00,2024-10-16 00:00:00,7,"[""Politique"", ""Violent""]","[""France""]",Renaissance,"[""Henri IV"", ""Jean Chastel"", ""Tentative d'assassinat""]",1592-12-13_attentat_de_jean_chastel_contre_henri_iv.webp,Attempted assassination of Henry IV by Jean Chastel. The king wounded in the face. Courtiers subduing the attacker. Renaissance palace interior. Chaos and panic among attendants. No text in the image.,Assassination Attempt on Henry IV by Jean Chastel,"[""henry_iv"", ""jean_chastel"", ""assassination_attempt"", ""royal_security""]",13 décembre 1592,"[""royal_attack"", ""16th_century_violence"", ""courtier_intervention"", ""renaissance_palace"", ""wounded_king"", ""political_instability""]"
81,1594-03-22,Entrée d'Henri IV à Paris,,true,France,français,70,1.12,2024-10-16 00:00:00,2024-10-16 00:00:00,7,"[""Politique"", ""Social""]","[""France""]",Renaissance,"[""Henri IV"", ""Fin des Guerres de Religion"", ""Réconciliation nationale""]",1594-03-22_entree_d_henri_iv_a_paris.webp,Triumphant entry of Henry IV into Paris. The king on horseback entering through city gates. Parisians cheering and throwing flowers. Catholic clergy reluctantly welcoming. Renaissance Parisian architecture. Atmosphere of relief and hope. No text in the image.,Entry of Henry IV into Paris,"[""henry_iv"", ""end_of_religious_wars"", ""national_reconciliation"", ""royal_entry""]",22 mars 1594,"[""triumphant_king"", ""16th_century_paris"", ""city_gates"", ""cheering_crowd"", ""catholic_clergy"", ""urban_celebration""]"
82,1595-01-17,Henri IV déclare la guerre à l'Espagne,,true,France,français,75,1.15,2024-10-16 00:00:00,2024-10-16 00:00:00,8,"[""Politique"", ""Militaire""]","[""France"", ""Espagne""]",Renaissance,"[""Henri IV"", ""Philippe II"", ""Guerre franco-espagnole""]",1595-01-17_henri_iv_declare_la_guerre_a_l_espagne.webp,Henry IV declaring war on Spain in front of his council. Maps of France and Spain visible. Military commanders present. Atmosphere of determination and challenge. Rich Renaissance council chamber. No text in the image.,Henry IV Declares War on Spain,"[""henry_iv"", ""philip_ii"", ""franco-spanish_war"", ""military_declaration""]",17 janvier 1595,"[""royal_council"", ""war_declaration"", ""military_maps"", ""renaissance_interior"", ""16th_century_diplomacy"", ""european_conflict""]"
83,1596-10-24,Traité de Joinville,,true,France,français,70,1.12,2024-10-16 00:00:00,2024-10-16 00:00:00,7,"[""Politique"", ""Diplomatique""]","[""France"", ""Espagne""]",Renaissance,"[""Henri IV"", ""Philippe II"", ""Maison de Guise""]",1596-10-24_traite_de_joinville.webp,Signing ceremony of the Treaty of Joinville. Representatives of Henry IV and Philip II present. Members of the House of Guise in attendance. Document detailing alliance visible. Rich Renaissance diplomatic setting. No text in the image.,Treaty of Joinville,"[""henry_iv"", ""philip_ii"", ""house_of_guise"", ""franco-spanish_alliance""]",24 octobre 1596,"[""treaty_signing"", ""16th_century_diplomacy"", ""renaissance_palace"", ""royal_representatives"", ""political_alliance"", ""european_politics""]"
84,1597-03-11,Reprise d'Amiens par Henri IV,,true,France,français,75,1.15,2024-10-16 00:00:00,2024-10-16 00:00:00,8,"[""Militaire"", ""Politique""]","[""France"", ""Espagne""]",Renaissance,"[""Henri IV"", ""Siège d'Amiens"", ""Guerre franco-espagnole""]",1597-03-11_reprise_d_amiens_par_henri_iv.webp,Siege scene of Henry IV's forces recapturing Amiens. French troops storming the city walls. Spanish defenders overwhelmed. 16th century siege engines and artillery in action. Renaissance military tactics displayed. No text in the image.,Recapture of Amiens by Henry IV,"[""henry_iv"", ""siege_of_amiens"", ""franco-spanish_war"", ""military_victory""]",11 mars 1597,"[""city_siege"", ""16th_century_warfare"", ""siege_engines"", ""storming_walls"", ""renaissance_military"", ""urban_combat""]"
85,1600-12-17,Mariage d'Henri IV et Marie de Médicis,,true,France,français,65,1.1,2024-10-16 00:00:00,2024-10-16 00:00:00,6,"[""Politique"", ""Monarchie""]","[""France"", ""Italie""]",Renaissance,"[""Henri IV"", ""Marie de Médicis"", ""Alliance franco-italienne""]",1600-12-17_mariage_d_henri_iv_et_marie_de_medicis.webp,Wedding ceremony of Henry IV and Marie de' Medici in Florence Cathedral. French and Italian nobility in attendance. Lavish Renaissance wedding attire and decorations. Symbolic union of French and Medici power. No text in the image.,Marriage of Henry IV and Marie de' Medici,"[""henry_iv"", ""marie_de_medici"", ""franco-italian_alliance"", ""royal_wedding""]",17 décembre 1600,"[""florence_cathedral"", ""renaissance_wedding"", ""royal_couple"", ""french_italian_nobility"", ""lavish_decorations"", ""16th_century_fashion""]"
86,1601-09-27,Traité de Lyon,,true,France,français,70,1.12,2024-10-16 00:00:00,2024-10-16 00:00:00,7,"[""Politique"", ""Diplomatique""]","[""France"", ""Savoie""]",Renaissance,"[""Henri IV"", ""Charles-Emmanuel Ier de Savoie"", ""Fin de la guerre franco-savoyarde""]",1601-09-27_traite_de_lyon.webp,Signing ceremony of the Treaty of Lyon. Henry IV and representatives of Savoy present. Maps showing territorial exchanges visible. Rich Renaissance diplomatic setting. Atmosphere of political compromise. No text in the image.,Treaty of Lyon,"[""henry_iv"", ""charles_emmanuel_i_of_savoy"", ""franco-savoyard_war"", ""territorial_exchange""]",27 septembre 1601,"[""treaty_signing"", ""renaissance_diplomacy"", ""territorial_maps"", ""royal_representatives"", ""political_compromise"", ""17th_century_politics""]"
87,1602-12-22,Exécution du maréchal de Biron,,true,France,français,65,1.1,2024-10-16 00:00:00,2024-10-16 00:00:00,7,"[""Politique"", ""Judiciaire""]","[""France""]",Renaissance,"[""Henri IV"", ""Charles de Gontaut-Biron"", ""Conspiration""]",1602-12-22_execution_du_marechal_de_biron.webp,Execution scene of Marshal Biron in the Bastille courtyard. Biron kneeling before the executioner. Henry IV's representatives overseeing. Crowd of nobles and commoners watching. Somber atmosphere. Early 17th century execution method depicted. No text in the image.,Execution of Marshal Biron,"[""henry_iv"", ""charles_de_gontaut-biron"", ""treason"", ""royal_justice""]",22 décembre 1602,"[""bastille_courtyard"", ""public_execution"", ""17th_century_justice"", ""noble_traitor"", ""royal_authority"", ""crowd_spectacle""]"
88,1606-04-13,Naissance du futur Louis XIII,,true,France,français,60,1.08,2024-10-16 00:00:00,2024-10-16 00:00:00,6,"[""Politique"", ""Monarchie""]","[""France""]",Renaissance,"[""Louis XIII"", ""Henri IV"", ""Marie de Médicis""]",1606-04-13_naissance_du_futur_louis_xiii.webp,Birth scene of the future Louis XIII at Fontainebleau Palace. Marie de' Medici in childbirth. Henry IV and court waiting anxiously. Rich early 17th century royal chambers. Midwives and physicians attending. Atmosphere of royal expectation. No text in the image.,Birth of the Future Louis XIII,"[""louis_xiii"", ""henry_iv"", ""marie_de_medici"", ""royal_birth"", ""bourbon_dynasty""]",13 avril 1606,"[""fontainebleau_palace"", ""royal_childbirth"", ""17th_century_medicine"", ""court_nobility"", ""heir_birth"", ""royal_chambers""]"
89,1607-04-25,Fondation de Jamestown en Virginie,,true,Amérique du Nord,français,80,1.2,2024-10-16 00:00:00,2024-10-16 00:00:00,8,"[""Colonial"", ""Exploration""]","[""Angleterre"", ""États-Unis""]",Renaissance,"[""Colonisation anglaise"", ""Virginie"", ""Nouveau Monde""]",1607-04-25_fondation_de_jamestown_en_virginie.webp,Founding of Jamestown. English settlers disembarking on Virginia shore. Ships anchored in the background. Native Americans observing from a distance. Early colonial structures being built. Dense American wilderness. No text in the image.,Founding of Jamestown in Virginia,"[""english_colonization"", ""virginia"", ""new_world"", ""jamestown_settlement""]",25 avril 1607,"[""colonial_landing"", ""17th_century_ships"", ""native_americans"", ""wilderness"", ""settlement_construction"", ""early_america""]"
90,1608-07-03,Fondation de Québec par Samuel de Champlain,,true,Amérique du Nord,français,75,1.15,2024-10-16 00:00:00,2024-10-16 00:00:00,7,"[""Colonial"", ""Exploration""]","[""France"", ""Canada""]",Renaissance,"[""Samuel de Champlain"", ""Nouvelle-France"", ""Colonisation française""]",1608-07-03_fondation_de_quebec_par_samuel_de_champlain.webp,Samuel de Champlain founding Quebec. French explorers and settlers constructing first buildings. Native Americans trading with the French. Ships on the St. Lawrence River. Lush Canadian landscape. Early 17th century exploration equipment. No text in the image.,Founding of Quebec by Samuel de Champlain,"[""samuel_de_champlain"", ""new_france"", ""french_colonization"", ""quebec_city""]",3 juillet 1608,"[""colonial_foundation"", ""st_lawrence_river"", ""17th_century_exploration"", ""native_trade"", ""settlement_construction"", ""canadian_wilderness""]"
91,1609-04-09,Trêve de Douze Ans entre l'Espagne et les Provinces-Unies,,true,Europe,français,70,1.12,2024-10-16 00:00:00,2024-10-16 00:00:00,7,"[""Politique"", ""Diplomatique""]","[""Espagne"", ""Pays-Bas""]",Renaissance,"[""Guerre de Quatre-Vingts Ans"", ""Maurice de Nassau"", ""Philippe III d'Espagne""]",1609-04-09_treve_de_douze_ans_entre_l_espagne_et_les_provinces-unies.webp,Signing of the Twelve Years' Truce in Antwerp. Dutch and Spanish representatives at the negotiation table. Maps of the Low Countries visible. Rich early 17th century diplomatic setting. Atmosphere of cautious peace. No text in the image.,Twelve Years' Truce between Spain and the United Provinces,"[""eighty_years_war"", ""maurice_of_nassau"", ""philip_iii_of_spain"", ""dutch_independence""]",9 avril 1609,"[""peace_treaty"", ""17th_century_diplomacy"", ""antwerp"", ""dutch_spanish_negotiations"", ""map_of_low_countries"", ""temporary_peace""]"
92,1611-05-14,Sacre de Louis XIII,,true,France,français,65,1.1,2024-10-16 00:00:00,2024-10-16 00:00:00,7,"[""Politique"", ""Monarchie""]","[""France""]",Renaissance,"[""Louis XIII"", ""Marie de Médicis"", ""Régence""]",1611-05-14_sacre_de_louis_xiii.webp,Coronation ceremony of Louis XIII in Reims Cathedral. Young king being crowned. Marie de' Medici and nobles in attendance. Lavish early 17th century royal regalia and clothing. Atmosphere of pomp and circumstance. No text in the image.,Coronation of Louis XIII,"[""louis_xiii"", ""marie_de_medici"", ""french_monarchy"", ""royal_coronation""]",14 mai 1611,"[""reims_cathedral"", ""17th_century_coronation"", ""young_king"", ""royal_regalia"", ""french_nobility"", ""religious_ceremony""]"
93,1612-04-30,Mort du duc de Mayenne,,true,France,français,60,1.08,2024-10-16 00:00:00,2024-10-16 00:00:00,6,"[""Politique"", ""Historique""]","[""France""]",Renaissance,"[""Charles de Lorraine"", ""Ligue catholique"", ""Fin des Guerres de Religion""]",1612-04-30_mort_du_duc_de_mayenne.webp,Deathbed scene of the Duke of Mayenne. Family and Catholic League supporters present. Symbols of his past power and current reconciliation with the crown visible. Rich early 17th century noble chamber. Atmosphere of the end of an era. No text in the image.,Death of the Duke of Mayenne,"[""charles_de_lorraine"", ""catholic_league"", ""end_of_religious_wars"", ""french_nobility""]",30 avril 1612,"[""noble_deathbed"", ""17th_century_interior"", ""catholic_symbolism"", ""family_mourning"", ""political_reconciliation"", ""end_of_era""]"
94,1615-09-18,États généraux,,true,France,français,70,1.12,2024-10-16 00:00:00,2024-10-16 00:00:00,7,"[""Politique"", ""Social""]","[""France""]",Renaissance,"[""Louis XIII"", ""Marie de Médicis"", ""Trois ordres""]",1615-09-18_etats_generaux.webp,Opening session of the Estates General in Paris. Representatives of the three estates assembled. Louis XIII and Marie de' Medici presiding. Rich early 17th century political assembly. Tension between different social classes visible. No text in the image.,Estates General,"[""louis_xiii"", ""marie_de_medici"", ""three_estates"", ""french_politics""]",18 septembre 1615,"[""estates_general"", ""17th_century_assembly"", ""three_estates"", ""royal_presence"", ""political_debate"", ""social_hierarchy""]"
95,1616-04-24,Assassinat de Concini,,true,France,français,65,1.1,2024-10-16 00:00:00,2024-10-16 00:00:00,7,"[""Politique"", ""Violent""]","[""France""]",Renaissance,"[""Concino Concini"", ""Louis XIII"", ""Coup d'État""]",1616-04-24_assassinat_de_concini.webp,Assassination scene of Concino Concini on the bridge of the Louvre. Royal guards attacking Concini. Shocked courtiers witnessing the event. Early 17th century Parisian architecture. Atmosphere of political upheaval. No text in the image.,Assassination of Concini,"[""concino_concini"", ""louis_xiii"", ""coup_d_etat"", ""political_murder""]",24 avril 1616,"[""louvre_bridge"", ""17th_century_assassination"", ""royal_guards"", ""courtier_witnesses"", ""political_violence"", ""parisian_architecture""]"
96,1617-04-04,Exécution de Léonora Galigaï,,true,France,français,65,1.1,2024-10-16 00:00:00,2024-10-16 00:00:00,7,"[""Judiciaire"", ""Politique""]","[""France""]",Renaissance,"[""Léonora Galigaï"", ""Marie de Médicis"", ""Sorcellerie""]",1617-04-04_execution_de_leonora_galigai.webp,Execution of Leonora Galigai in Place de Grève. Accused being led to the stake. Crowd of Parisians watching. Judges and clerics present. Early 17th century execution scene. Atmosphere of superstition and political vengeance. No text in the image.,Execution of Leonora Galigai,"[""leonora_galigai"", ""marie_de_medici"", ""witchcraft_trial"", ""political_purge""]",4 avril 1617,"[""place_de_greve"", ""17th_century_execution"", ""stake_burning"", ""parisian_crowd"", ""judicial_process"", ""religious_authority""]"
97,1618-05-23,Défenestration de Prague,,true,Europe,français,75,1.15,2024-10-16 00:00:00,2024-10-16 00:00:00,8,"[""Politique"", ""Religieux""]","[""Saint-Empire"", ""Bohême""]",Époque moderne,"[""Guerre de Trente Ans"", ""Révolte bohémienne"", ""Conflit religieux""]",1618-05-23_defenestration_de_prague.webp,Defenestration scene in Prague Castle. Imperial regents being thrown out of windows. Angry Protestant nobles in action. Catholic supporters watching in horror. Early 17th century Bohemian architecture. Atmosphere of religious and political tension. No text in the image.,Defenestration of Prague,"[""thirty_years_war"", ""bohemian_revolt"", ""religious_conflict"", ""habsburg_empire""]",23 mai 1618,"[""prague_castle"", ""window_throwing"", ""protestant_rebellion"", ""catholic_imperials"", ""17th_century_architecture"", ""political_violence""]"
98,1620-11-08,Bataille de la Montagne Blanche,,true,Europe,français,75,1.15,2024-10-16 00:00:00,2024-10-16 00:00:00,8,"[""Militaire"", ""Religieux""]","[""Saint-Empire"", ""Bohême""]",Époque moderne,"[""Guerre de Trente Ans"", ""Frédéric V du Palatinat"", ""Ferdinand II""]",1620-11-08_bataille_de_la_montagne_blanche.webp,Battle scene at White Mountain near Prague. Catholic Imperial forces defeating Protestant Bohemian army. Cavalry charges and infantry clashes. Early 17th century warfare tactics and equipment. Decisive moment in the Thirty Years' War. No text in the image.,Battle of White Mountain,"[""thirty_years_war"", ""frederick_v"", ""ferdinand_ii"", ""catholic_victory"", ""bohemian_defeat""]",8 novembre 1620,"[""white_mountain"", ""17th_century_battle"", ""cavalry_charge"", ""infantry_combat"", ""religious_warfare"", ""imperial_forces""]"
99,1622-10-10,Siège de Montpellier,,true,France,français,70,1.12,2024-10-16 00:00:00,2024-10-16 00:00:00,7,"[""Militaire"", ""Religieux""]","[""France""]",Époque moderne,"[""Louis XIII"", ""Guerres de Rohan"", ""Huguenots""]",1622-10-10_siege_de_montpellier.webp,Siege of Montpellier by royal forces. Louis XIII directing the assault. Huguenot defenders on city walls. Early 17th century siege equipment and cannons. Mediterranean landscape. Atmosphere of religious conflict and royal authority. No text in the image.,Siege of Montpellier,"[""louis_xiii"", ""huguenot_wars"", ""religious_conflict"", ""royal_authority""]",10 octobre 1622,"[""montpellier_walls"", ""17th_century_siege"", ""royal_army"", ""huguenot_defense"", ""siege_cannons"", ""mediterranean_city""]"
100,1624-08-13,Richelieu nommé principal ministre d'État,,true,France,français,65,1.1,2024-10-16 00:00:00,2024-10-16 00:00:00,7,"[""Politique"", ""Monarchie""]","[""France""]",Époque moderne,"[""Cardinal de Richelieu"", ""Louis XIII"", ""Absolutisme""]",1624-08-13_richelieu_nomme_principal_ministre_d_etat.webp,Richelieu receiving his appointment from Louis XIII in the royal council chamber. Court nobles observing with mixed reactions. Opulent early 17th century palace interior. Symbolic representation of growing royal power. No text in the image.,Richelieu Appointed Chief Minister of State,"[""cardinal_richelieu"", ""louis_xiii"", ""absolutism"", ""french_politics""]",13 août 1624,"[""royal_council"", ""ministerial_appointment"", ""17th_century_court"", ""palace_interior"", ""political_power"", ""noble_reactions""]"